Name,Ticker,Identifier,SEDOL,Weight,Sector,Shares Held,Local Currency
APPLE INC,AAPL,037833100,2046251,7.509788,-,169302916.000,USD
MICROSOFT CORP,MSFT,594918104,2588173,6.710840,-,85143918.000,USD
AMAZON.COM INC,AMZN,023135106,2000019,3.125138,-,102217629.000,USD
NVIDIA CORP,NVDA,67066G104,2379504,2.906099,-,28319819.000,USD
TESLA INC,TSLA,88160R101,B616C79,1.961302,-,30850041.000,USD
ALPHABET INC CL A,GOOGL,02079K305,BYVY8G0,1.891169,-,68030443.000,USD
META PLATFORMS INC CLASS A,META,30303M102,B7TL820,1.831602,-,25331408.000,USD
BERKSHIRE HATHAWAY INC CL B,BRK.B,084670702,2073390,1.648414,-,20420721.000,USD
ALPHABET INC CL C,GOOG,02079K107,BYY88Y7,1.636199,-,58518947.000,USD
JPMORGAN CHASE + CO,JPM,46625H100,2190385,1.158788,-,33463147.000,USD
EXXON MOBIL CORP,XOM,30231G102,2326618,1.152377,-,46296701.000,USD
UNITEDHEALTH GROUP INC,UNH,91324P102,2917766,1.125607,-,10661079.000,USD
JOHNSON + JOHNSON,JNJ,478160104,2475833,1.099559,-,29758162.000,USD
VISA INC CLASS A SHARES,V,92826C839,B2PZN04,1.049076,-,18530169.000,USD
BROADCOM INC,AVGO,11135F101,BDZ78H9,0.994236,-,4779563.000,USD
PROCTER + GAMBLE CO/THE,PG,742718109,2704407,0.938780,-,26982313.000,USD
ELI LILLY + CO,LLY,532457108,2516152,0.928955,-,9020168.000,USD
MASTERCARD INC   A,MA,57636Q104,B121557,0.897397,-,9581656.000,USD
HOME DEPOT INC,HD,437076102,2434209,0.860630,-,11596037.000,USD
CHEVRON CORP,CVX,166764100,2838555,0.744628,-,19955479.000,USD
MERCK + CO. INC.,MRK,58933Y105,2778844,0.729897,-,29056186.000,USD
PEPSICO INC,PEP,713448108,2681511,0.674443,-,15752701.000,USD
COSTCO WHOLESALE CORP,COST,22160K105,2701271,0.638234,-,5075303.000,USD
ABBVIE INC,ABBV,00287Y109,B92SR70,0.631124,-,20225413.000,USD
ADOBE INC,ADBE,00724F101,2008154,0.622941,-,5252849.000,USD
COCA COLA CO/THE,KO,191216100,2206657,0.622652,-,44516237.000,USD
SALESFORCE INC,CRM,79466L302,2310525,0.595575,-,11210871.000,USD
WALMART INC,WMT,931142103,2936921,0.581265,-,16039632.000,USD
MCDONALD S CORP,MCD,580135101,2550707,0.578770,-,8376277.000,USD
CISCO SYSTEMS INC,CSCO,17275R102,2198163,0.557218,-,46982827.000,USD
BANK OF AMERICA CORP,BAC,060505104,2295677,0.544838,-,79391790.000,USD
PFIZER INC,PFE,717081103,2684703,0.543812,-,64644508.000,USD
THERMO FISHER SCIENTIFIC INC,TMO,883556102,2886907,0.542958,-,4416829.000,USD
ACCENTURE PLC CL A,ACN,G1151C101,B4BNMY3,0.530580,-,7231883.000,USD
NETFLIX INC,NFLX,64110L106,2857817,0.528645,-,5093269.000,USD
ABBOTT LABORATORIES,ABT,002824100,2002305,0.495658,-,19941119.000,USD
ADVANCED MICRO DEVICES,AMD,007903107,2007849,0.493879,-,18440652.000,USD
LINDE PLC,LIN,G54950103,BNZHB81,0.490892,-,5606377.000,USD
ORACLE CORP,ORCL,68389X105,2661568,0.477882,-,17621867.000,USD
COMCAST CORP CLASS A,CMCSA,20030N101,2044545,0.471368,-,47629190.000,USD
TEXAS INSTRUMENTS INC,TXN,882508104,2885409,0.441749,-,10363031.000,USD
WALT DISNEY CO/THE,DIS,254687106,2270726,0.440285,-,20894532.000,USD
WELLS FARGO + CO,WFC,949746101,2649100,0.434465,-,42966799.000,USD
DANAHER CORP,DHR,235851102,2250870,0.423247,-,7604668.000,USD
PHILIP MORRIS INTERNATIONAL,PM,718172109,B2PKRQ3,0.410318,-,17731686.000,USD
NEXTERA ENERGY INC,NEE,65339F101,2328915,0.397902,-,23170257.000,USD
VERIZON COMMUNICATIONS INC,VZ,92343V104,2090571,0.391432,-,48038924.000,USD
INTEL CORP,INTC,458140100,2463247,0.379353,-,47762275.000,USD
RAYTHEON TECHNOLOGIES CORP,RTX,75513E101,BM5M5Y3,0.379172,-,16754649.000,USD
HONEYWELL INTERNATIONAL INC,HON,438516106,2020459,0.372424,-,7641074.000,USD
LOWE S COS INC,LOW,548661107,2536763,0.370503,-,6829074.000,USD
UNITED PARCEL SERVICE CL B,UPS,911312106,2517382,0.361770,-,8299287.000,USD
INTUIT INC,INTU,461202103,2459020,0.358657,-,3217891.000,USD
S+P GLOBAL INC,SPGI,78409V104,BYV2325,0.357796,-,3765086.000,USD
NIKE INC  CL B,NKE,654106103,2640147,0.355371,-,14108748.000,USD
CONOCOPHILLIPS,COP,20825C104,2685717,0.354040,-,13856602.000,USD
QUALCOMM INC,QCOM,747525103,2714923,0.353700,-,12750344.000,USD
BRISTOL MYERS SQUIBB CO,BMY,110122108,2126335,0.350205,-,24056832.000,USD
CATERPILLAR INC,CAT,149123101,2180201,0.349799,-,5901109.000,USD
UNION PACIFIC CORP,UNP,907818108,2914734,0.341718,-,6997659.000,USD
BOEING CO/THE,BA,097023105,2108601,0.328609,-,6475352.000,USD
INTUITIVE SURGICAL INC,ISRG,46120E602,2871301,0.325618,-,4007793.000,USD
GENERAL ELECTRIC CO,GE,369604301,BL59CR9,0.323311,-,12438846.000,USD
INTL BUSINESS MACHINES CORP,IBM,459200101,2005973,0.322869,-,10398282.000,USD
AMGEN INC,AMGN,031162100,2023607,0.322186,-,6107705.000,USD
APPLIED MATERIALS INC,AMAT,038222105,2046552,0.313069,-,9643478.000,USD
MEDTRONIC PLC,MDT,G5960L103,BTN1Y11,0.311419,-,15214372.000,USD
STARBUCKS CORP,SBUX,855244109,2842255,0.310752,-,13144855.000,USD
PROLOGIS INC,PLD,74340W103,B44WZD7,0.308612,-,10542273.000,USD
SERVICENOW INC,NOW,81762P102,B80NXX8,0.306146,-,2333279.000,USD
MORGAN STANLEY,MS,617446448,2262314,0.299555,-,14941903.000,USD
DEERE + CO,DE,244199105,2261203,0.294706,-,3092749.000,USD
BLACKROCK INC,BLK,09247X101,2494504,0.291085,-,1715330.000,USD
GOLDMAN SACHS GROUP INC,GS,38141G104,2407966,0.290426,-,3806704.000,USD
AT+T INC,T,00206R102,2831811,0.288160,-,81535482.000,USD
LOCKHEED MARTIN CORP,LMT,539830109,2522096,0.278666,-,2580736.000,USD
AMERICAN EXPRESS CO,AXP,025816109,2026082,0.277361,-,6806708.000,USD
BOOKING HOLDINGS INC,BKNG,09857L108,BDRXDB4,0.275645,-,422910.000,USD
STRYKER CORP,SYK,863667101,2853688,0.268674,-,3856820.000,USD
ANALOG DEVICES INC,ADI,032654105,2032067,0.264771,-,5797098.000,USD
TJX COMPANIES INC,TJX,872540109,2989301,0.263280,-,13212587.000,USD
ELEVANCE HEALTH INC,ELV,036752103,BSPHGL4,0.262744,-,2714321.000,USD
MONDELEZ INTERNATIONAL INC A,MDLZ,609207105,B8CKK03,0.260278,-,15595671.000,USD
GILEAD SCIENCES INC,GILD,375558103,2369174,0.254640,-,14263037.000,USD
AUTOMATIC DATA PROCESSING,ADP,053015103,2065308,0.249203,-,4738641.000,USD
MARSH + MCLENNAN COS,MMC,571748102,2567741,0.247084,-,5663440.000,USD
CITIGROUP INC,C,172967424,2297907,0.246879,-,22292188.000,USD
AMERICAN TOWER CORP,AMT,03027X100,B7FBFL2,0.242902,-,5317449.000,USD
CVS HEALTH CORP,CVS,126650100,2577609,0.241916,-,14686731.000,USD
VERTEX PHARMACEUTICALS INC,VRTX,92532F100,2931034,0.237880,-,2940835.000,USD
SCHWAB (CHARLES) CORP,SCHW,808513105,2779397,0.232328,-,17016864.000,USD
LAM RESEARCH CORP,LRCX,512807108,2502247,0.224538,-,1542926.000,USD
ALTRIA GROUP INC,MO,02209S103,2692632,0.218070,-,20419254.000,USD
T MOBILE US INC,TMUS,872590104,B94Q9V0,0.217200,-,6595437.000,USD
SCHLUMBERGER LTD,SLB,806857108,2779201,0.215227,-,16245424.000,USD
EATON CORP PLC,ETN,G29183103,B8KQN82,0.214714,-,4549299.000,USD
ZOETIS INC,ZTS,98978V103,B95WG16,0.213761,-,5321297.000,USD
THE CIGNA GROUP,CI,125523100,BHJ0775,0.212767,-,3387801.000,USD
PAYPAL HOLDINGS INC,PYPL,70450Y103,BYW36M8,0.210802,-,12776058.000,USD
CHUBB LTD,CB,H1467J104,B3BQMF6,0.210782,-,4739192.000,USD
FISERV INC,FI,337738108,2342034,0.210778,-,7068728.000,USD
SOUTHERN CO/THE,SO,842587107,2829601,0.208041,-,12432555.000,USD
REGENERON PHARMACEUTICALS,REGN,75886F107,2730190,0.206463,-,1229496.000,USD
PROGRESSIVE CORP,PGR,743315103,2705024,0.206324,-,6681581.000,USD
BOSTON SCIENTIFIC CORP,BSX,101137107,2113434,0.201871,-,16463012.000,USD
EQUINIX INC,EQIX,29444U700,BVLZX12,0.197995,-,1071043.000,USD
BECTON DICKINSON AND CO,BDX,075887109,2087807,0.196177,-,3244764.000,USD
EOG RESOURCES INC,EOG,26875P101,2318024,0.190795,-,6706641.000,USD
DUKE ENERGY CORP,DUK,26441C204,B7VD3F2,0.189871,-,8795058.000,USD
PALO ALTO NETWORKS INC,PANW,697435105,B87ZMX0,0.188425,-,3465125.000,USD
ILLINOIS TOOL WORKS,ITW,452308109,2457552,0.186508,-,3174184.000,USD
MICRON TECHNOLOGY INC,MU,595112103,2588184,0.186109,-,12481883.000,USD
AON PLC CLASS A,AON,G0403H108,BLP1HW5,0.184345,-,2348427.000,USD
CSX CORP,CSX,126408103,2160753,0.182460,-,23280794.000,USD
SYNOPSYS INC,SNPS,871607107,2867719,0.179854,-,1743420.000,USD
NORTHROP GRUMMAN CORP,NOC,666807102,2648806,0.174304,-,1644891.000,USD
AIR PRODUCTS + CHEMICALS INC,APD,009158106,2011602,0.174211,-,2532934.000,USD
CME GROUP INC,CME,12572Q105,2965839,0.174110,-,4108347.000,USD
KLA CORP,KLAC,482480100,2480138,0.172489,-,1583338.000,USD
INTERCONTINENTAL EXCHANGE IN,ICE,45866F104,BFSSDS9,0.172396,-,6392359.000,USD
ACTIVISION BLIZZARD INC,ATVI,00507V109,2575818,0.171387,-,8147026.000,USD
CADENCE DESIGN SYS INC,CDNS,127387108,2302232,0.170659,-,3137055.000,USD
WASTE MANAGEMENT INC,WM,94106L109,2937667,0.167911,-,4246141.000,USD
COLGATE PALMOLIVE CO,CL,194162103,2209106,0.167796,-,9551219.000,USD
SHERWIN WILLIAMS CO/THE,SHW,824348106,2804211,0.165903,-,2696591.000,USD
TARGET CORP,TGT,87612E106,2259101,0.163293,-,5256232.000,USD
HCA HEALTHCARE INC,HCA,40412C101,B4MGBG6,0.163036,-,2362500.000,USD
FEDEX CORP,FDX,31428X106,2142784,0.162382,-,2655513.000,USD
FORD MOTOR CO,F,345370860,2615468,0.159852,-,44933331.000,USD
O REILLY AUTOMOTIVE INC,ORLY,67103H107,B65LWX6,0.157886,-,696916.000,USD
FREEPORT MCMORAN INC,FCX,35671D857,2352118,0.155041,-,16349511.000,USD
CHIPOTLE MEXICAN GRILL INC,CMG,169656105,B0X7DZ3,0.153078,-,315464.000,USD
EDWARDS LIFESCIENCES CORP,EW,28176E108,2567116,0.151068,-,6942062.000,USD
GENERAL MOTORS CO,GM,37045V100,B665KZ5,0.150654,-,15949811.000,USD
3M CO W/D,MMM,88579Y101,2595708,0.149844,-,6311571.000,USD
MCKESSON CORP,MCK,58155Q103,2378534,0.149630,-,1566045.000,USD
NXP SEMICONDUCTORS NV,NXPI,N6596X109,B505PN7,0.146540,-,2959177.000,USD
MOODY S CORP,MCO,615369105,2252058,0.145727,-,1795613.000,USD
HUMANA INC,HUM,444859102,2445063,0.142036,-,1429523.000,USD
EMERSON ELECTRIC CO,EMR,291011104,2313405,0.140715,-,6535099.000,USD
NORFOLK SOUTHERN CORP,NSC,655844108,2641894,0.140665,-,2605518.000,USD
DEXCOM INC,DXCM,252131107,B0796X4,0.137827,-,4411276.000,USD
PNC FINANCIAL SERVICES GROUP,PNC,693475105,2692665,0.136919,-,4604030.000,USD
MARATHON PETROLEUM CORP,MPC,56585A102,B3K3L40,0.136230,-,4858470.000,USD
PARKER HANNIFIN CORP,PH,701094104,2671501,0.136185,-,1467253.000,USD
AMPHENOL CORP CL A,APH,032095101,2145084,0.135914,-,6796057.000,USD
ROPER TECHNOLOGIES INC,ROP,776696106,2749602,0.135150,-,1211580.000,USD
PIONEER NATURAL RESOURCES CO,PXD,723787107,2690830,0.135072,-,2676307.000,USD
CROWN CASTLE INC,CCI,22822V101,BTGQCX1,0.134594,-,4945262.000,USD
MICROCHIP TECHNOLOGY INC,MCHP,595017104,2592174,0.132863,-,6266318.000,USD
FORTINET INC,FTNT,34959E109,B5B2106,0.132800,-,7405469.000,USD
MOTOROLA SOLUTIONS INC,MSI,620076307,B5BKPQ4,0.131828,-,1912741.000,USD
MARRIOTT INTERNATIONAL  CL A,MAR,571903202,2210614,0.131141,-,2952746.000,USD
GENERAL DYNAMICS CORP,GD,369550108,2365161,0.130913,-,2573752.000,USD
US BANCORP,USB,902973304,2736035,0.130779,-,15935767.000,USD
AUTOZONE INC,AZO,053332102,2065955,0.126758,-,210734.000,USD
JOHNSON CONTROLS INTERNATION,JCI,G51502105,BY7QL61,0.126034,-,7837279.000,USD
PHILLIPS 66,PSX,718546104,B78C4Y8,0.125229,-,5254601.000,USD
PUBLIC STORAGE,PSA,74460D109,2852533,0.125195,-,1807793.000,USD
SEMPRA ENERGY,SRE,816851109,2138158,0.124807,-,3590071.000,USD
AUTODESK INC,ADSK,052769106,2065159,0.124288,-,2469492.000,USD
ECOLAB INC,ECL,278865100,2304227,0.123750,-,2834506.000,USD
ARTHUR J GALLAGHER + CO,AJG,363576109,2359506,0.123209,-,2452969.000,USD
TRANSDIGM GROUP INC,TDG,893641100,B11FJK3,0.123149,-,593292.000,USD
KIMBERLY CLARK CORP,KMB,494368103,2491839,0.121500,-,3860135.000,USD
TE CONNECTIVITY LTD,TEL,H84989104,B62B7C3,0.121345,-,3638518.000,USD
PACCAR INC,PCAR,693718108,2665861,0.120090,-,5958147.500,USD
AMERICAN ELECTRIC POWER,AEP,025537101,2026242,0.119661,-,5868150.000,USD
TRANE TECHNOLOGIES PLC,TT,G8994E103,BK9ZQ96,0.119491,-,2628596.000,USD
OCCIDENTAL PETROLEUM CORP,OXY,674599105,2655408,0.118972,-,8300548.000,USD
CARRIER GLOBAL CORP,CARR,14448C104,BK4N0D7,0.118911,-,9576939.000,USD
ESTEE LAUDER COMPANIES CL A,EL,518439104,2320524,0.118314,-,2649715.000,USD
GENERAL MILLS INC,GIS,370334104,2367026,0.118103,-,6741465.000,USD
DOMINION ENERGY INC,D,25746U109,2542049,0.117392,-,9531788.000,USD
TRUIST FINANCIAL CORP,TFC,89832Q109,BKP7287,0.116953,-,15152988.000,USD
IDEXX LABORATORIES INC,IDXX,45168D104,2459202,0.116478,-,947951.000,USD
ARCHER DANIELS MIDLAND CO,ADM,039483102,2047317,0.115410,-,6271470.000,USD
CAPITAL ONE FINANCIAL CORP,COF,14040H105,2654461,0.115114,-,4368301.000,USD
NUCOR CORP,NUE,670346105,2651086,0.114747,-,2893347.000,USD
MONSTER BEVERAGE CORP,MNST,61174X109,BZ07BW4,0.114294,-,8699070.000,USD
CINTAS CORP,CTAS,172908105,2197137,0.113873,-,988081.000,USD
ON SEMICONDUCTOR,ON,682189105,2583576,0.113652,-,4929846.000,USD
AMERICAN INTERNATIONAL GROUP,AIG,026874784,2027342,0.113618,-,8287880.000,USD
EXELON CORP,EXC,30161N101,2670519,0.111717,-,11366261.000,USD
VALERO ENERGY CORP,VLO,91913Y100,2041364,0.111321,-,4139934.000,USD
MODERNA INC,MRNA,60770K107,BGSXTS3,0.111018,-,3771917.000,USD
WILLIAMS COS INC,WMB,969457100,2967181,0.110573,-,13868587.000,USD
REALTY INCOME CORP,O,756109104,2724193,0.108678,-,7709350.000,USD
CONSTELLATION BRANDS INC A,STZ,21036P108,2170473,0.108656,-,1852758.000,USD
IQVIA HOLDINGS INC,IQV,46266C105,BDR73G1,0.108613,-,2121697.000,USD
ARISTA NETWORKS INC,ANET,040413106,BN33VM5,0.108563,-,2831377.000,USD
CHARTER COMMUNICATIONS INC A,CHTR,16119P108,BZ6VT82,0.107738,-,1204345.000,USD
HILTON WORLDWIDE HOLDINGS IN,HLT,43300A203,BYVMW06,0.107572,-,3047183.000,USD
BIOGEN INC,BIIB,09062X103,2455965,0.107026,-,1649313.000,USD
SIMON PROPERTY GROUP INC,SPG,828806109,2812452,0.107026,-,3739628.000,USD
MSCI INC,MSCI,55354G100,B2972D2,0.106292,-,913596.000,USD
WELLTOWER INC,WELL,95040Q104,BYVYHH4,0.106009,-,5691212.000,USD
TRAVELERS COS INC/THE,TRV,89417E109,2769503,0.105735,-,2643521.000,USD
HESS CORP,HES,42809H107,2023748,0.104473,-,3173307.000,USD
ROCKWELL AUTOMATION INC,ROK,773903109,2754060,0.103811,-,1307993.000,USD
COPART INC,CPRT,217204106,2208073,0.103709,-,4894031.000,USD
AFLAC INC,AFL,001055102,2026361,0.103387,-,6296290.000,USD
DR HORTON INC,DHI,23331A109,2250687,0.103316,-,3572948.000,USD
CORTEVA INC,CTVA,22052L104,BK73B42,0.103160,-,8168452.000,USD
ROSS STORES INC,ROST,778296103,2746711,0.102630,-,3937180.000,USD
DOW INC,DOW,260557103,BHXCF84,0.101659,-,8037688.000,USD
YUM  BRANDS INC,YUM,988498101,2098876,0.101541,-,3215519.000,USD
PAYCHEX INC,PAYX,704326107,2674458,0.101506,-,3662834.000,USD
METLIFE INC,MET,59156R108,2573209,0.101073,-,7366473.000,USD
SYSCO CORP,SYY,871829107,2868165,0.100045,-,5797327.000,USD
L3HARRIS TECHNOLOGIES INC,LHX,502431109,BK9DTN5,0.099628,-,2175320.000,USD
OTIS WORLDWIDE CORP,OTIS,68902V107,BK531S8,0.099004,-,4774703.000,USD
DOLLAR GENERAL CORP,DG,256677105,B5B1S13,0.098890,-,2509190.000,USD
CUMMINS INC,CMI,231021106,2240202,0.097082,-,1615914.000,USD
AMETEK INC,AME,031100100,2089212,0.096710,-,2626812.000,USD
COSTAR GROUP INC,CSGP,22160N109,2262864,0.096137,-,4645320.000,USD
NEWMONT CORP,NEM,651639106,2636607,0.095941,-,9078937.000,USD
AMERIPRISE FINANCIAL INC,AMP,03076C106,B0J7D57,0.095092,-,1203383.000,USD
PPG INDUSTRIES INC,PPG,693506107,2698470,0.094832,-,2674984.000,USD
AGILENT TECHNOLOGIES INC,A,00846U101,2520153,0.094807,-,3380035.000,USD
ELECTRONIC ARTS INC,EA,285512109,2310194,0.094326,-,2978862.000,USD
CENTENE CORP,CNC,15135B101,2807061,0.093927,-,6298424.000,USD
HERSHEY CO/THE,HSY,427866108,2422806,0.093849,-,1681355.000,USD
FIDELITY NATIONAL INFO SERV,FIS,31620M106,2769796,0.093825,-,6775902.000,USD
WW GRAINGER INC,GWW,384802104,2380863,0.093637,-,515373.000,USD
XCEL ENERGY INC,XEL,98389B100,2614807,0.093190,-,6250009.000,USD
KINDER MORGAN INC,KMI,49456B101,B3NQ4P8,0.092495,-,22560823.000,USD
BAKER HUGHES CO,BKR,05722G100,BDHLTQ5,0.092093,-,11439989.000,USD
HALLIBURTON CO,HAL,406216101,2405302,0.091895,-,10367815.000,USD
DIGITAL REALTY TRUST INC,DLR,253868103,B03GQS4,0.091826,-,3336345.000,USD
COGNIZANT TECH SOLUTIONS A,CTSH,192446102,2257019,0.091382,-,5820356.000,USD
OLD DOMINION FREIGHT LINE,ODFL,679580100,2656423,0.090865,-,1034544.000,USD
PRUDENTIAL FINANCIAL INC,PRU,744320102,2819118,0.090259,-,4201391.000,USD
FASTENAL CO,FAST,311900104,2332262,0.089633,-,6529349.000,USD
DUPONT DE NEMOURS INC,DD,26614N102,BK0VN47,0.088964,-,5240359.000,USD
DEVON ENERGY CORP,DVN,25179M103,2480677,0.088944,-,7448067.000,USD
BANK OF NEW YORK MELLON CORP,BK,064058100,B1Z77F6,0.088402,-,8363683.000,USD
VERISK ANALYTICS INC,VRSK,92345Y106,B4P9W92,0.087773,-,1657813.000,USD
LENNAR CORP A,LEN,526057104,2511920,0.086984,-,2900973.000,USD
UNITED RENTALS INC,URI,911363109,2134781,0.086378,-,791032.000,USD
CONSOLIDATED EDISON INC,ED,209115104,2216850,0.086348,-,3968403.000,USD
VICI PROPERTIES INC,VICI,925652109,BYWH073,0.085627,-,11480144.000,USD
GE HEALTHCARE TECHNOLOGY,GEHC,36266G107,BL6JPG8,0.085417,-,4473414.000,USD
PUBLIC SERVICE ENTERPRISE GP,PEG,744573106,2707677,0.084870,-,5699171.000,USD
RESMED INC,RMD,761152107,2732903,0.084856,-,1673891.000,USD
CONSTELLATION ENERGY,CEG,21037T109,BMH4FS1,0.083828,-,3733433.000,USD
AMERISOURCEBERGEN CORP,ABC,03073E105,2795393,0.082499,-,1849834.000,USD
KROGER CO,KR,501044101,2497406,0.082360,-,7441531.000,USD
DELTA AIR LINES INC,DAL,247361702,B1W9D46,0.082206,-,7334647.000,USD
DOLLAR TREE INC,DLTR,256746108,2272476,0.082071,-,2377737.000,USD
REPUBLIC SERVICES INC,RSG,760759100,2262530,0.081529,-,2338117.000,USD
APTIV PLC,APTV,G6095L109,B783TY6,0.081287,-,3093994.000,USD
DISCOVER FINANCIAL SERVICES,DFS,254709108,B1YLC43,0.080960,-,2907688.000,USD
ILLUMINA INC,ILMN,452327109,2613990,0.080599,-,1796414.000,USD
KEYSIGHT TECHNOLOGIES IN,KEYS,49338L103,BQZJ0Q9,0.080478,-,2047352.000,USD
ZIMMER BIOMET HOLDINGS INC,ZBH,98956P102,2783815,0.079882,-,2395748.000,USD
ANSYS INC,ANSS,03662Q105,2045623,0.078451,-,996387.000,USD
METTLER TOLEDO INTERNATIONAL,MTD,592688105,2126249,0.078398,-,254155.000,USD
VULCAN MATERIALS CO,VMC,929160109,2931205,0.078144,-,1517696.000,USD
P G + E CORP,PCG,69331C108,2689560,0.078142,-,18388813.000,USD
WARNER BROS DISCOVERY INC,WBD,934423104,BM8JYX3,0.077755,-,25277603.000,USD
ONEOK INC,OKE,682680103,2130109,0.076802,-,5104500.000,USD
GLOBAL PAYMENTS INC,GPN,37940X102,2712013,0.076568,-,3008575.000,USD
WEC ENERGY GROUP INC,WEC,92939U106,BYY8XK8,0.076459,-,3602127.000,USD
ALLSTATE CORP,ALL,020002101,2019952,0.076143,-,3027504.000,USD
ALBEMARLE CORP,ALB,012653101,2046853,0.076126,-,1337846.000,USD
HP INC,HPQ,40434L105,BYX4D52,0.076027,-,9886392.000,USD
WEST PHARMACEUTICAL SERVICES,WST,955306105,2950482,0.075893,-,846602.000,USD
QUANTA SERVICES INC,PWR,74762E102,2150204,0.075857,-,1635507.000,USD
KRAFT HEINZ CO/THE,KHC,500754106,BYRY499,0.075776,-,9065627.000,USD
EQUIFAX INC,EFX,294429105,2319146,0.075753,-,1398208.000,USD
ARCH CAPITAL GROUP LTD,ACGL,G0450A105,2740542,0.075427,-,4224838.000,USD
GARTNER INC,IT,366651107,2372763,0.075392,-,900257.000,USD
AMERICAN WATER WORKS CO INC,AWK,030420103,B2R3PV1,0.075051,-,2207681.000,USD
MARTIN MARIETTA MATERIALS,MLM,573284106,2572079,0.073903,-,710135.000,USD
CBRE GROUP INC   A,CBRE,12504L109,B6WVMH3,0.072845,-,3605803.000,USD
AVALONBAY COMMUNITIES INC,AVB,053484101,2131179,0.072616,-,1598673.000,USD
CORNING INC,GLW,219350105,2224701,0.072377,-,8707669.000,USD
EDISON INTERNATIONAL,EIX,281020107,2829515,0.071826,-,4361166.000,USD
INGERSOLL RAND INC,IR,45687V106,BL5GZ82,0.071562,-,4631083.000,USD
XYLEM INC,XYL,98419M100,B3P2CN8,0.071082,-,2724471.000,USD
FORTIVE CORP,FTV,34959J108,BYT3MK1,0.070853,-,4038980.000,USD
KEURIG DR PEPPER INC,KDP,49271V100,BD3W133,0.070651,-,9666125.000,USD
SBA COMMUNICATIONS CORP,SBAC,78410G104,BZ6TS23,0.070235,-,1235124.000,USD
T ROWE PRICE GROUP INC,TROW,74144T108,2702337,0.069869,-,2566248.000,USD
ALIGN TECHNOLOGY INC,ALGN,016255101,2679204,0.069163,-,827446.000,USD
DIAMONDBACK ENERGY INC,FANG,25278X109,B7Y8YR3,0.068505,-,2100798.000,USD
STATE STREET CORP,STT,857477103,2842040,0.067848,-,3827392.000,USD
CDW CORP/DE,CDW,12514G108,BBM5MD6,0.067506,-,1548232.000,USD
EVERSOURCE ENERGY,ES,30040W108,BVVN4Q8,0.067435,-,3983721.000,USD
WEYERHAEUSER CO,WY,962166104,2958936,0.067291,-,8447405.000,USD
EBAY INC,EBAY,278642103,2293819,0.067192,-,6194021.000,USD
MONOLITHIC POWER SYSTEMS INC,MPWR,609839105,B01Z7J1,0.067162,-,512148.000,USD
ENPHASE ENERGY INC,ENPH,29355A107,B65SQW4,0.066450,-,1555185.000,USD
WILLIS TOWERS WATSON PLC,WTW,G96629103,BDB6Q21,0.066122,-,1220650.000,USD
ULTA BEAUTY INC,ULTA,90384S303,B28TS42,0.066098,-,584212.000,USD
TRACTOR SUPPLY COMPANY,TSCO,892356106,2900335,0.065154,-,1262551.000,USD
CARDINAL HEALTH INC,CAH,14149Y108,2175672,0.064413,-,2945111.000,USD
CHURCH + DWIGHT CO INC,CHD,171340102,2195841,0.064062,-,2789528.000,USD
GENUINE PARTS CO,GPC,372460105,2367480,0.064056,-,1614400.000,USD
TAKE TWO INTERACTIVE SOFTWRE,TTWO,874054109,2122117,0.063553,-,1813607.000,USD
LYONDELLBASELL INDU CL A,LYB,N53745100,B3SPXZ3,0.063014,-,2895673.000,USD
BAXTER INTERNATIONAL INC,BAX,071813109,2085102,0.062585,-,5773025.000,USD
DTE ENERGY COMPANY,DTE,233331107,2280220,0.062234,-,2360175.000,USD
HARTFORD FINANCIAL SVCS GRP,HIG,416515104,2476193,0.061583,-,3629036.000,USD
EQUITY RESIDENTIAL,EQR,29476L107,2319157,0.061388,-,3895482.000,USD
SOUTHWEST AIRLINES CO,LUV,844741108,2831543,0.061108,-,6781712.000,USD
STERIS PLC,STE,G8473T100,BFY8C75,0.060031,-,1132885.000,USD
M + T BANK CORP,MTB,55261F104,2340168,0.059476,-,1935150.000,USD
HEWLETT PACKARD ENTERPRISE,HPE,42824C109,BYVYWS0,0.058804,-,14729335.000,USD
AMEREN CORPORATION,AEE,023608102,2050832,0.058392,-,2953959.000,USD
WALGREENS BOOTS ALLIANCE INC,WBA,931427108,BTN1Y44,0.058087,-,8196189.000,USD
ROYAL CARIBBEAN CRUISES LTD,RCL,V7780T103,2754907,0.057866,-,2492862.000,USD
FIRSTENERGY CORP,FE,337932107,2100920,0.056983,-,6179647.000,USD
MCCORMICK + CO NON VTG SHRS,MKC,579780206,2550161,0.056833,-,2862233.000,USD
DOVER CORP,DOV,260003108,2278407,0.056412,-,1601812.000,USD
ENTERGY CORP,ETR,29364G103,2317087,0.055648,-,2421197.000,USD
INTL FLAVORS + FRAGRANCES,IFF,459506101,2464165,0.055553,-,2911513.000,USD
FAIR ISAAC CORP,FICO,303250104,2330299,0.054537,-,287705.000,USD
INVITATION HOMES INC,INVH,46187W107,BD81GW9,0.054446,-,6598655.000,USD
EXTRA SPACE STORAGE INC,EXR,30225T102,B02HWR9,0.054406,-,1532547.000,USD
DARDEN RESTAURANTS INC,DRI,237194105,2289874,0.054380,-,1394272.000,USD
WABTEC CORP,WAB,929740108,2955733,0.054371,-,2069313.000,USD
RAYMOND JAMES FINANCIAL INC,RJF,754730109,2718992,0.054010,-,2204204.000,USD
COTERRA ENERGY INC,CTRA,127097103,2162340,0.053686,-,8673694.000,USD
INSULET CORP,PODD,45784P101,B1XGNW4,0.053126,-,796123.000,USD
VERISIGN INC,VRSN,92343E102,2142922,0.052822,-,1047045.000,USD
HOLOGIC INC,HOLX,436440101,2433530,0.052616,-,2849773.000,USD
TELEDYNE TECHNOLOGIES INC,TDY,879360105,2503477,0.052410,-,536105.000,USD
BROADRIDGE FINANCIAL SOLUTIO,BR,11133T103,B1VP7R6,0.052280,-,1343577.000,USD
PPL CORP,PPL,69351T106,2680905,0.052223,-,8371032.000,USD
LAS VEGAS SANDS CORP,LVS,517834107,B02T2J7,0.051813,-,3739313.000,USD
OMNICOM GROUP,OMC,681919106,2279303,0.051785,-,2327429.000,USD
VENTAS INC,VTR,92276F100,2927925,0.051663,-,4575149.000,USD
FIRST SOLAR INC,FSLR,336433107,B1HMF22,0.051592,-,1132136.000,USD
NVR INC,NVR,62944T105,2637785,0.051325,-,34587.000,USD
CLOROX COMPANY,CLX,189054109,2204026,0.051311,-,1413148.000,USD
CENTERPOINT ENERGY INC,CNP,15189T107,2440637,0.051099,-,7200716.000,USD
COOPER COS INC/THE,COO,216648402,2222631,0.051098,-,564357.000,USD
FLEETCOR TECHNOLOGIES INC,FLT,339041105,B4R28B3,0.050772,-,842310.000,USD
LABORATORY CRP OF AMER HLDGS,LH,50540R409,2586122,0.050404,-,1012062.000,USD
EXPEDITORS INTL WASH INC,EXPD,302130109,2325507,0.050197,-,1749542.000,USD
FIFTH THIRD BANCORP,FITB,316773100,2336747,0.049804,-,7836450.000,USD
ALEXANDRIA REAL ESTATE EQUIT,ARE,015271109,2009210,0.049590,-,1801602.000,USD
CARNIVAL CORP,CCL,143658300,2523044,0.048818,-,11462909.000,USD
HOWMET AEROSPACE INC,HWM,443201108,BKLJ8V2,0.048784,-,4202728.000,USD
UNITED AIRLINES HOLDINGS INC,UAL,910047109,B4QG225,0.048346,-,3733492.000,USD
PULTEGROUP INC,PHM,745867101,2708841,0.048221,-,2578772.000,USD
MID AMERICA APARTMENT COMM,MAA,59522J103,2589132,0.048149,-,1321561.000,USD
SKYWORKS SOLUTIONS INC,SWKS,83088M102,2961053,0.048110,-,1823892.000,USD
PRINCIPAL FINANCIAL GROUP,PFG,74251V102,2803014,0.047734,-,2598166.000,USD
TARGA RESOURCES CORP,TRGP,87612G101,B55PZY3,0.047489,-,2571122.000,USD
BALL CORP,BALL,058498106,2073022,0.047436,-,3577306.000,USD
CMS ENERGY CORP,CMS,125896100,2219224,0.047358,-,3331304.000,USD
STEEL DYNAMICS INC,STLD,858119100,2849472,0.047348,-,1893857.000,USD
REGIONS FINANCIAL CORP,RF,7591EP100,B01R311,0.047303,-,10713206.000,USD
KELLOGG CO,K,487836108,2486813,0.046403,-,2923308.000,USD
TYLER TECHNOLOGIES INC,TYL,902252105,2909644,0.046395,-,475614.000,USD
TERADYNE INC,TER,880770102,2884183,0.046385,-,1783929.000,USD
IRON MOUNTAIN INC,IRM,46284V101,BVFTF03,0.046132,-,3325409.000,USD
ATMOS ENERGY CORP,ATO,049560105,2315359,0.046078,-,1637732.000,USD
MOLINA HEALTHCARE INC,MOH,60855R100,2212706,0.045144,-,662110.000,USD
NASDAQ INC,NDAQ,631103108,2965107,0.045091,-,3858234.000,USD
NETAPP INC,NTAP,64110D104,2630643,0.044848,-,2480545.000,USD
EXPEDIA GROUP INC,EXPE,30212P303,B748CK2,0.044290,-,1632909.000,USD
PAYCOM SOFTWARE INC,PAYC,70432V102,BL95MY0,0.044232,-,555107.000,USD
GARMIN LTD,GRMN,H2906T109,B3Z5T14,0.043768,-,1755248.000,USD
ZEBRA TECHNOLOGIES CORP CL A,ZBRA,989207105,2989356,0.043522,-,589356.000,USD
BROWN + BROWN INC,BRO,115236101,2692687,0.043145,-,2688397.000,USD
IDEX CORP,IEX,45167R104,2456612,0.043046,-,856877.000,USD
LAMB WESTON HOLDINGS INC,LW,513272104,BDQZFJ3,0.042964,-,1635472.000,USD
WATERS CORP,WAT,941848103,2937689,0.042793,-,680746.000,USD
JACOBS SOLUTIONS INC,J,46982L108,BNGC0D3,0.042670,-,1467106.000,USD
BEST BUY CO INC,BBY,086516101,2094670,0.042660,-,2250976.000,USD
HUNTINGTON BANCSHARES INC,HBAN,446150104,2445966,0.042578,-,16337163.000,USD
CINCINNATI FINANCIAL CORP,CINF,172062101,2196888,0.042248,-,1810728.000,USD
JM SMUCKER CO/THE,SJM,832696405,2951452,0.042036,-,1221571.000,USD
MARATHON OIL CORP,MRO,565849106,2910970,0.041984,-,7245558.000,USD
QUEST DIAGNOSTICS INC,DGX,74834L100,2702791,0.041836,-,1269831.000,USD
CONAGRA BRANDS INC,CAG,205887102,2215460,0.041744,-,5415160.000,USD
SNAP ON INC,SNA,833034101,2818740,0.041638,-,608470.000,USD
NORTHERN TRUST CORP,NTRS,665859104,2648668,0.041581,-,2383643.000,USD
ESSEX PROPERTY TRUST INC,ESS,297178105,2316619,0.041180,-,731971.000,USD
HUNT (JB) TRANSPRT SVCS INC,JBHT,445658107,2445416,0.040903,-,947504.000,USD
FACTSET RESEARCH SYSTEMS INC,FDS,303075105,2329770,0.040877,-,437724.000,USD
PTC INC,PTC,69370C100,B95N910,0.040752,-,1217506.000,USD
REVVITY INC,RVTY,714046109,2305844,0.040745,-,1444469.000,USD
SYNCHRONY FINANCIAL,SYF,87165B103,BP96PS6,0.040718,-,4995718.000,USD
SOLAREDGE TECHNOLOGIES INC,SEDG,83417M104,BWC52Q6,0.040504,-,639619.000,USD
EVEREST GROUP LTD,EG,G3223R108,2556868,0.040493,-,491263.000,USD
POOL CORP,POOL,73278L105,2781585,0.040449,-,445580.000,USD
BUNGE LTD,BG,G16962105,2788713,0.040410,-,1717479.000,USD
INTERPUBLIC GROUP OF COS INC,IPG,460690100,2466321,0.040111,-,4436481.000,USD
LKQ CORP,LKQ,501889208,2971029,0.039974,-,2898083.000,USD
TYSON FOODS INC CL A,TSN,902494103,2909730,0.039834,-,3265981.000,USD
AMCOR PLC,AMCR,G0250X107,BJ1F307,0.039545,-,17106470.000,USD
STANLEY BLACK + DECKER INC,SWK,854502101,B3Q2FJ4,0.039379,-,1753450.000,USD
AVERY DENNISON CORP,AVY,053611109,2066408,0.038835,-,933831.000,USD
EQT CORP,EQT,26884L109,2319414,0.038622,-,4153680.000,USD
AES CORP,AES,00130H105,2002479,0.038556,-,7640221.000,USD
TEXTRON INC,TXT,883203101,2885937,0.038474,-,2403609.000,USD
AKAMAI TECHNOLOGIES INC,AKAM,00971T101,2507457,0.038401,-,1804776.000,USD
CBOE GLOBAL MARKETS INC,CBOE,12503M108,B5834C5,0.038350,-,1202347.000,USD
MGM RESORTS INTERNATIONAL,MGM,552953101,2547419,0.038033,-,3457609.000,USD
CF INDUSTRIES HOLDINGS INC,CF,125269100,B0G4K50,0.037812,-,2239911.000,USD
DOMINO S PIZZA INC,DPZ,25754A201,B01SD70,0.037055,-,407957.000,USD
EVERGY INC,EVRG,30034W106,BFMXGR0,0.036913,-,2625498.000,USD
AXON ENTERPRISE INC,AXON,05464C101,BDT5S35,0.036804,-,803832.000,USD
CITIZENS FINANCIAL GROUP,CFG,174610105,BQRX1X3,0.036769,-,5596153.000,USD
ALLIANT ENERGY CORP,LNT,018802108,2973821,0.036146,-,2871701.000,USD
CARMAX INC,KMX,143130102,2983563,0.036114,-,1834965.000,USD
TRIMBLE INC,TRMB,896239100,2903958,0.035655,-,2835304.000,USD
EPAM SYSTEMS INC,EPAM,29414B104,B44Z3T8,0.035647,-,653405.000,USD
BIO TECHNE CORP,TECH,09073M104,BSHZ3Q0,0.035580,-,1799095.000,USD
NORDSON CORP,NDSN,655663102,2641838,0.035546,-,613912.000,USD
MASCO CORP,MAS,574599106,2570200,0.035403,-,2566730.000,USD
UDR INC,UDR,902653104,2727910,0.035302,-,3496915.000,USD
MATCH GROUP INC,MTCH,57667L107,BK80XH9,0.034830,-,3196968.000,USD
LIVE NATION ENTERTAINMENT IN,LYV,538034109,B0T7YX2,0.034690,-,1617553.000,USD
HOST HOTELS + RESORTS INC,HST,44107P104,2567503,0.033696,-,8176825.000,USD
PACKAGING CORP OF AMERICA,PKG,695156109,2504566,0.033379,-,1070178.000,USD
KIMCO REALTY CORP,KIM,49446R109,2491594,0.033370,-,6981233.000,USD
VIATRIS INC,VTRS,92556V106,BMWS3X9,0.033187,-,13865210.000,USD
MOLSON COORS BEVERAGE CO   B,TAP,60871R209,B067BM3,0.032973,-,2137676.000,USD
WESTERN DIGITAL CORP,WDC,958102105,2954699,0.032801,-,3652516.000,USD
CAMDEN PROPERTY TRUST,CPT,133131102,2166320,0.032714,-,1258844.000,USD
MOSAIC CO/THE,MOS,61945C103,B3NPHP6,0.032580,-,3884779.000,USD
APA CORP,APA,03743Q108,BNNF1C1,0.032531,-,3710292.000,USD
LEIDOS HOLDINGS INC,LDOS,525327102,BDV82B8,0.032352,-,1552874.000,USD
WR BERKLEY CORP,WRB,084423102,2093644,0.032342,-,2320805.000,USD
CELANESE CORP,CE,150870103,B05MZT4,0.032313,-,1134825.000,USD
AMERICAN AIRLINES GROUP INC,AAL,02376R102,BCV7KT2,0.032306,-,7442708.000,USD
JACK HENRY + ASSOCIATES INC,JKHY,426281101,2469193,0.032132,-,831734.000,USD
FMC CORP,FMC,302491303,2328603,0.031994,-,1433703.000,USD
SEAGATE TECHNOLOGY HOLDINGS,STX,G7997R103,BKVD2N4,0.031971,-,2219711.000,USD
BROWN FORMAN CORP CLASS B,BF.B,115637209,2146838,0.031792,-,2060156.000,USD
LOEWS CORP,L,540424108,2523022,0.031339,-,2217975.000,USD
INCYTE CORP,INCY,45337C102,2471950,0.031047,-,2120104.000,USD
TELEFLEX INC,TFX,879369106,2881407,0.030931,-,536536.000,USD
C.H. ROBINSON WORLDWIDE INC,CHRW,12541W209,2116228,0.030659,-,1343353.000,USD
HEALTHPEAK PROPERTIES INC,PEAK,42250P103,BJBLRK3,0.030654,-,6253934.000,USD
ETSY INC,ETSY,29786A106,BWTN5N1,0.030612,-,1431311.000,USD
INTERNATIONAL PAPER CO,IP,460146103,2465254,0.030566,-,4110880.000,USD
WYNN RESORTS LTD,WYNN,983134107,2963811,0.030386,-,1194070.000,USD
NISOURCE INC,NI,65473P105,2645409,0.030221,-,4606089.000,USD
HORMEL FOODS CORP,HRL,440452100,2437264,0.030147,-,3294390.000,USD
CAESARS ENTERTAINMENT INC,CZR,12769G100,BMWWGB0,0.030108,-,2419893.000,USD
HENRY SCHEIN INC,HSIC,806407102,2416962,0.029470,-,1546418.000,USD
BORGWARNER INC,BWA,099724106,2111955,0.029417,-,2712356.000,USD
PENTAIR PLC,PNR,G7S00T104,BLS09M3,0.029143,-,1868963.000,USD
ALLEGION PLC,ALLE,G0176J109,BFRT3W7,0.028901,-,1010603.000,USD
GEN DIGITAL INC,GEN,668771108,BJN4XN5,0.028840,-,6552565.000,USD
CHARLES RIVER LABORATORIES,CRL,159864107,2604336,0.028714,-,582197.000,USD
TAPESTRY INC,TPR,876030107,BF09HX3,0.028395,-,2747157.000,USD
EASTMAN CHEMICAL CO,EMN,277432100,2298386,0.028282,-,1369508.000,USD
QORVO INC,QRVO,74736K101,BR9YYP4,0.028122,-,1142342.000,USD
CERIDIAN HCM HOLDING INC,CDAY,15677J108,BFX1V56,0.027697,-,1743069.000,USD
ROLLINS INC,ROL,775711104,2747305,0.027135,-,2643233.000,USD
GLOBE LIFE INC,GL,37959E102,BK6YKG1,0.026833,-,1029496.000,USD
JUNIPER NETWORKS INC,JNPR,48203R104,2431846,0.026506,-,3665146.000,USD
UNIVERSAL HEALTH SERVICES B,UHS,913903100,2923785,0.026351,-,732297.000,USD
REGENCY CENTERS CORP,REG,758849103,2726177,0.025988,-,1761700.000,USD
KEYCORP,KEY,493267108,2490911,0.025528,-,10675883.000,USD
MARKETAXESS HOLDINGS INC,MKTX,57060D108,B03Q9D0,0.025086,-,427952.000,USD
SMITH (A.O.) CORP,AOS,831865209,2816023,0.025063,-,1459041.000,USD
PINNACLE WEST CAPITAL,PNW,723484101,2048804,0.024935,-,1280034.000,USD
GENERAC HOLDINGS INC,GNRC,368736104,B6197Q2,0.024765,-,711568.000,USD
CAMPBELL SOUP CO,CPB,134429109,2162845,0.024722,-,2303263.000,USD
HUNTINGTON INGALLS INDUSTRIE,HII,446413106,B40SSC9,0.024298,-,452766.000,USD
FOX CORP   CLASS A,FOXA,35137L105,BJJMGL2,0.024246,-,3080739.000,USD
NORWEGIAN CRUISE LINE HOLDIN,NCLH,G66721104,B9CGTC3,0.024062,-,4722168.000,USD
ROBERT HALF INTL INC,RHI,770323103,2110703,0.023722,-,1251722.000,USD
NRG ENERGY INC,NRG,629377508,2212922,0.023702,-,2675570.000,USD
DENTSPLY SIRONA INC,XRAY,24906P109,BYNPPC6,0.023499,-,2462229.000,USD
F5 INC,FFIV,315616102,2427599,0.023480,-,677272.000,USD
WHIRLPOOL CORP,WHR,963320106,2960384,0.022900,-,620106.000,USD
BOSTON PROPERTIES INC,BXP,101121101,2019479,0.022848,-,1601950.000,USD
BIO RAD LABORATORIES A,BIO,090572207,2098508,0.022479,-,242618.000,USD
BATH + BODY WORKS INC,BBWI,070830104,BNNTGJ5,0.022275,-,2595983.000,USD
INVESCO LTD,IVZ,G491BT108,B28XP76,0.022267,-,5177379.000,USD
CATALENT INC,CTLT,148806102,BP96PQ4,0.022240,-,2059442.000,USD
PARAMOUNT GLOBAL CLASS B,PARA,92556H206,BKTNTR9,0.022218,-,5746826.000,USD
HASBRO INC,HAS,418056107,2414580,0.022026,-,1452179.000,USD
FRANKLIN RESOURCES INC,BEN,354613101,2350684,0.021677,-,3262013.000,USD
NEWS CORP   CLASS A,NWSA,65249B109,BBGVT40,0.020903,-,4436010.000,USD
WESTROCK CO,WRK,96145D105,BYR0914,0.020095,-,2892766.000,USD
FEDERAL REALTY INVS TRUST,FRT,313745101,BN7P9B2,0.019471,-,835434.000,USD
ALASKA AIR GROUP INC,ALK,011659109,2012605,0.018482,-,1412216.000,USD
ASSURANT INC,AIZ,04621X108,2331430,0.018003,-,606318.000,USD
VF CORP,VFC,918204108,2928683,0.017249,-,3778545.000,USD
SEALED AIR CORP,SEE,81211K100,2232793,0.017227,-,1688468.000,USD
DXC TECHNOLOGY CO,DXC,23355L106,BYXD7B3,0.017001,-,2614532.000,USD
COMERICA INC,CMA,200340107,2212870,0.016661,-,1498434.000,USD
MOHAWK INDUSTRIES INC,MHK,608190104,2598699,0.015564,-,585286.000,USD
DAVITA INC,DVA,23918K108,2898087,0.015444,-,633798.000,USD
RALPH LAUREN CORP,RL,751212101,B4V9661,0.014192,-,469213.000,USD
ORGANON + CO,OGN,68622V106,BLDC8J4,0.013619,-,2874508.000,USD
ZIONS BANCORP NA,ZION,989701107,2989828,0.012536,-,1714536.000,USD
FOX CORP   CLASS B,FOX,35137L204,BJJMGY5,0.011752,-,1590012.000,USD
ADVANCE AUTO PARTS INC,AAP,00751Y106,2822019,0.011343,-,688347.000,USD
LINCOLN NATIONAL CORP,LNC,534187109,2516378,0.010801,-,1763038.000,USD
NEWELL BRANDS INC,NWL,651229106,2635701,0.009815,-,4293378.000,USD
NEWS CORP   CLASS B,NWS,65249B208,BBGVT51,0.006609,-,1390714.000,USD
FORTREA HOLDINGS INC,FTRE,34965K107,BRXYZ57,0.000002,-,318.000,USD